Dataset,Best Model,Combined Score,AUROC,Specificity,Sensitivity,F1 Score,PR AUC,Best Parameters,Transformation,Resample Strategy,Impute Strategy,Scaler,Feature Importance
1,Random Forest,0.5921585557299842,0.6538461538461537,0.8461538461538461,0.5714285714285714,0.6153846153846154,0.6112244897959183,"{'n_estimators': 200, 'min_samples_split': 2, 'min_samples_leaf': 1, 'max_features': 'sqrt', 'max_depth': 20}", Yeo-Johnson,SMOTE,KNN,robust,"[0.05339385 0.05877232 0.05125856 0.06134033 0.0367805  0.03089081
 0.03525284 0.03063579 0.03923972 0.02357208 0.03830949 0.04307175
 0.05501247 0.03147007 0.04386642 0.05090198 0.03687521 0.03792196
 0.05620535 0.04477627 0.03271109 0.04113058 0.04362362 0.02298692]"
3,Decision Tree,0.5384033613445378,0.5934065934065933,0.5384615384615384,0.5714285714285714,0.4705882352941176,0.5285714285714285,"{'min_samples_split': 5, 'min_samples_leaf': 4, 'max_features': None, 'max_depth': None}", Yeo-Johnson,ADASYN,KNN,robust,"[0.         0.         0.         0.         0.         0.0450379
 0.         0.         0.09853971 0.16899561 0.15908121 0.
 0.         0.         0.         0.         0.         0.
 0.         0.         0.         0.         0.         0.38886786
 0.         0.         0.00739048 0.11934503 0.0127422  0.
 0.         0.         0.         0.         0.         0.        ]"
4,Decision Tree,0.3266666666666666,0.4166666666666666,0.75,0.3333333333333333,0.3333333333333333,0.3111111111111111,"{'min_samples_split': 10, 'min_samples_leaf': 4, 'max_features': 'sqrt', 'max_depth': None}", Yeo-Johnson,SMOTE,KNN,robust,"[0.         0.         0.         0.         0.         0.
 0.         0.         0.58669173 0.02065217 0.         0.
 0.         0.         0.         0.         0.         0.
 0.         0.         0.12370266 0.         0.         0.
 0.         0.         0.         0.         0.24921659 0.
 0.         0.         0.         0.         0.         0.
 0.01973684 0.         0.         0.        ]"
5,Decision Tree,0.4758928571428571,0.7291666666666667,0.8333333333333334,0.5,0.5,0.4196428571428571,"{'min_samples_split': 5, 'min_samples_leaf': 2, 'max_features': None, 'max_depth': None}", log,ADASYN,KNN,robust,"[0.         0.         0.         0.39601244 0.         0.
 0.         0.         0.         0.23031    0.         0.
 0.         0.         0.         0.         0.         0.
 0.         0.         0.         0.07106132 0.         0.
 0.         0.         0.         0.         0.276372   0.02624424
 0.         0.         0.         0.         0.         0.
 0.         0.         0.         0.         0.         0.        ]"
7,Decision Tree,0.5740841155279658,0.658102766798419,0.7391304347826086,0.6363636363636364,0.5833333333333334,0.4641187689316031,"{'min_samples_split': 2, 'min_samples_leaf': 2, 'max_features': 'sqrt', 'max_depth': 10}", log,SMOTE,KNN,robust,"[0.04791236 0.03848168 0.         0.06335348 0.         0.0544287
 0.         0.         0.05683447 0.         0.03552155 0.
 0.         0.00692947 0.         0.         0.02356021 0.
 0.06952618 0.10556685 0.         0.02141837 0.14931283 0.06086594
 0.02356021 0.         0.         0.02565445 0.0524938  0.
 0.         0.         0.         0.01701571 0.01884817 0.
 0.         0.         0.         0.         0.05949548 0.0078534
 0.05351329 0.         0.         0.         0.         0.0078534 ]"
8,Support Vector Classifier,0.5869888185159121,0.6292517006802721,0.3809523809523809,0.6428571428571429,0.5,0.5518674902911356,"{'kernel': 'linear', 'gamma': 'scale', 'C': 0.01}", log,SMOTE,KNN,robust,"[-0.07066412  0.06937833 -0.06129441 -0.00841864  0.02667946  0.17670936
  0.02960092  0.05748296 -0.15017354 -0.03971415  0.09102565  0.04790858
 -0.0295137  -0.02641474  0.01068574  0.05245165  0.04134271  0.01190674
  0.06319412 -0.01262965  0.0520573  -0.04430552  0.04644734 -0.01051594
  0.0145633  -0.00559387  0.12949135  0.00199814 -0.04429041  0.07694543
  0.0706515  -0.08002577  0.03556059 -0.08571454 -0.03784562  0.00514392
 -0.10474593  0.03009625  0.09954116  0.07011123 -0.04625494  0.03362113
  0.01576829  0.00111601  0.10335905 -0.10055311 -0.09564869 -0.03436885
 -0.03101769]"
9,Random Forest,0.5350132274599441,0.4887218045112781,0.4736842105263157,0.5714285714285714,0.5,0.4976631391521945,"{'n_estimators': 200, 'min_samples_split': 10, 'min_samples_leaf': 4, 'max_features': 'sqrt', 'max_depth': None}", log,SMOTE,KNN,robust,"[0.02182673 0.0277136  0.02841642 0.01052013 0.00656808 0.02107503
 0.06330351 0.01211791 0.03267738 0.01366501 0.01101396 0.02903633
 0.01833821 0.01057013 0.02070136 0.01359509 0.02018277 0.02088593
 0.01226203 0.0101996  0.01639601 0.02376432 0.01680092 0.01941164
 0.01439505 0.01663243 0.01205847 0.02670029 0.02237277 0.00850995
 0.01353192 0.01975057 0.02182854 0.01359435 0.0581831  0.00912929
 0.01718943 0.0142793  0.0166143  0.01940708 0.01350058 0.00785835
 0.01082669 0.01604999 0.01225001 0.04298614 0.04160405 0.02735709
 0.00954475 0.01185732 0.02094612]"
10,Random Forest,0.3119658119658119,0.4722222222222221,0.8333333333333334,0.3333333333333333,0.3333333333333333,0.2621082621082621,"{'n_estimators': 400, 'min_samples_split': 2, 'min_samples_leaf': 2, 'max_features': 'sqrt', 'max_depth': 10}", Yeo-Johnson,SMOTE,KNN,robust,"[0.01583732 0.0132257  0.01238966 0.00574601 0.0314896  0.00754014
 0.05768766 0.00395097 0.04388531 0.03079469 0.01130866 0.01187071
 0.01146143 0.00919599 0.01133672 0.00509039 0.02121263 0.01183355
 0.01790677 0.01732635 0.0048825  0.04617378 0.10149392 0.00820565
 0.00555423 0.01082925 0.03002931 0.0111333  0.01787634 0.01737479
 0.01256057 0.01511424 0.07536011 0.02599396 0.00367423 0.01040966
 0.04230772 0.01046553 0.01331521 0.01588907 0.00527706 0.01307648
 0.00684211 0.00489573 0.02089192 0.0074656  0.00327324 0.00674473
 0.01552642 0.01380128 0.05325003 0.01922181]"
12,Random Forest,0.6798809523809524,0.7777777777777777,0.6666666666666666,0.6666666666666666,0.5714285714285714,0.7742063492063491,"{'n_estimators': 200, 'min_samples_split': 2, 'min_samples_leaf': 1, 'max_features': 'sqrt', 'max_depth': 20}", log,ADASYN,KNN,robust,"[0.01020198 0.01144383 0.0082888  0.01787208 0.01042177 0.0169455
 0.0162177  0.01189463 0.01237182 0.01423602 0.01461933 0.02109329
 0.02424006 0.00931349 0.0130001  0.01281244 0.00833214 0.02796795
 0.01853558 0.00585923 0.01273315 0.01901995 0.01725721 0.01669905
 0.00939028 0.00995273 0.00930273 0.01323682 0.01253392 0.00712347
 0.00705113 0.01199131 0.00971904 0.04469073 0.0143289  0.01319965
 0.01355716 0.01158787 0.00999582 0.01088877 0.0106123  0.00967385
 0.017581   0.0216326  0.00830656 0.01699429 0.00760773 0.00869042
 0.00967979 0.01228003 0.00958135 0.01294752 0.00559616 0.01120684
 0.01016328 0.00757838 0.00724417 0.00845111 0.01880543 0.00940116
 0.03139255 0.03006337 0.00633263 0.00757556 0.01262842 0.00649168
 0.01479951 0.02534898 0.01317366 0.00806841 0.00661531 0.02366178
 0.02988671]"
13,Random Forest,0.75625,0.9090909090909092,0.9090909090909092,0.75,0.75,0.7708333333333333,"{'n_estimators': 300, 'min_samples_split': 2, 'min_samples_leaf': 1, 'max_features': None, 'max_depth': None}", log,ADASYN,KNN,robust,"[1.71199311e-02 9.02518595e-03 1.13791220e-02 1.72270094e-02
 3.08658099e-01 5.32678777e-03 2.90167222e-03 5.65810273e-03
 6.26667866e-03 1.52935526e-02 9.15510440e-03 2.27084253e-02
 2.04764762e-03 6.05381134e-02 1.37901357e-03 1.25071879e-03
 1.24342789e-03 7.95251899e-03 3.48237286e-02 3.26852212e-03
 4.56750830e-03 7.45879013e-03 6.91798756e-03 2.03478311e-02
 7.48251528e-03 3.20895869e-03 1.45836305e-03 1.01964342e-02
 1.34192421e-03 1.51520034e-03 2.03379532e-03 1.32936508e-04
 4.36902388e-03 1.33333200e-03 1.43273504e-02 7.56687435e-04
 4.47531199e-03 2.91692981e-02 6.21052939e-03 5.19300401e-03
 1.89426526e-03 1.08188686e-03 5.97252038e-03 2.76023121e-02
 1.16230013e-03 1.12299459e-02 9.00345872e-03 1.47527939e-03
 1.08908743e-03 1.39750034e-02 1.21572551e-02 2.38476742e-03
 8.14833354e-04 1.54300864e-03 2.19350166e-02 5.15457172e-03
 1.76095410e-03 6.63021725e-03 1.99851882e-03 1.29930786e-03
 3.31601674e-03 3.70608204e-03 9.35659835e-04 1.41544774e-03
 1.96727233e-03 5.61157532e-02 9.47288923e-04 4.14835879e-03
 2.26928868e-03 2.27305897e-02 2.03691603e-03 6.57646641e-02
 4.54958159e-03 1.80217314e-02 1.87603872e-03 4.31465592e-03]"
15,Random Forest,0.737310606060606,0.8888888888888888,0.9166666666666666,0.6666666666666666,0.7272727272727273,0.8617424242424242,"{'n_estimators': 200, 'min_samples_split': 2, 'min_samples_leaf': 1, 'max_features': 'sqrt', 'max_depth': 20}", Yeo-Johnson,ADASYN,KNN,robust,"[0.01058765 0.00962165 0.00981906 0.00442874 0.02375256 0.01924834
 0.01206248 0.03397808 0.02729583 0.00881624 0.01666004 0.01277371
 0.00875547 0.01523534 0.00726599 0.01118601 0.01478736 0.01547034
 0.00762696 0.02075559 0.00724948 0.01187896 0.03268042 0.00742829
 0.01927943 0.00394619 0.0053177  0.00959637 0.00990309 0.02014447
 0.01061567 0.00948625 0.01538839 0.00623659 0.00712419 0.01585581
 0.00731284 0.00629841 0.00927007 0.0056614  0.00787251 0.00662198
 0.00795739 0.00343659 0.0132648  0.01190616 0.01130225 0.01376617
 0.00677443 0.0050158  0.00706697 0.0051245  0.00628317 0.0086409
 0.01418262 0.01443987 0.00541937 0.01921894 0.00549339 0.01019099
 0.00903891 0.01265002 0.01298463 0.01742895 0.00616901 0.00703786
 0.00207563 0.00460231 0.01310388 0.0102356  0.00514963 0.00641049
 0.02042779 0.03310766 0.00963841 0.01128514 0.01201925 0.01275862
 0.00881541 0.00910925 0.01492372 0.00853981 0.0134664  0.03109857
 0.01314277]"
32,Support Vector Classifier,0.702192870261052,0.5284090909090909,125,0.9090909090909092,0.5714285714285714,0.4445390047662775,"{'kernel': 'linear', 'gamma': 'scale', 'C': 0.001}", Yeo-Johnson,ADASYN,KNN,robust,"[ 0.00557727 -0.01159819  0.01429345  0.01453875  0.00357425  0.00161146
 -0.0113436  -0.0054348   0.01066669  0.01340831  0.01553075 -0.00566071
 -0.0200207  -0.00229694  0.01302545 -0.00179702  0.00088453 -0.00465459
 -0.01653263 -0.01770567  0.01117912  0.00710177 -0.00771284 -0.00132125
  0.00489641 -0.00880909  0.00173102  0.00914412 -0.00035422  0.00081799
 -0.0057821   0.01622179  0.00032408  0.00771163  0.00114097  0.00561133
  0.01048416  0.02717003 -0.00731428  0.00375938  0.00026023  0.01929808
  0.00804482  0.01051703  0.00831676  0.01092846  0.01199672  0.01225999
  0.00302394  0.01009973  0.00374643  0.00518663  0.01757635  0.00526587
  0.01328362  0.01206866  0.01530856  0.00958969  0.00826363  0.00277509
  0.01512337  0.00099956  0.0058624   0.00268352  0.00223901  0.00657002
  0.00891103  0.01279654  0.00562211  0.01133961 -0.00404851  0.00586474
  0.02258852  0.0054884   0.01833332  0.0002146   0.00275501  0.02112465
 -0.00108368  0.00148376  0.01414343  0.0145257  -0.01174357  0.0065582
 -0.00597353  0.00462882  0.00903786 -0.00689174  0.00870342  0.00497868
  0.0121573 ]"
33,Random Forest,0.8133116883116883,0.5,0.25,1.0,0.7272727272727273,0.5595238095238095,"{'n_estimators': 400, 'min_samples_split': 2, 'min_samples_leaf': 1, 'max_features': None, 'max_depth': 20}", log,ADASYN,KNN,robust,"[0.01678962 0.00722626 0.00498761 0.00922368 0.01221708 0.00452589
 0.00221707 0.00828222 0.00250896 0.00597605 0.00802665 0.17046592
 0.005778   0.00668677 0.00348223 0.02369351 0.00247727 0.0022883
 0.01675248 0.0063627  0.01407301 0.02922214 0.00073073 0.002401
 0.0269196  0.00564724 0.00418039 0.00665133 0.00572294 0.00167967
 0.12084852 0.00111458 0.00650558 0.00561881 0.0040057  0.00038571
 0.00312899 0.00043945 0.00461601 0.00399758 0.0003125  0.0092936
 0.01062168 0.         0.00258225 0.00842252 0.00111429 0.00685473
 0.00468466 0.00151605 0.0133491  0.05724805 0.00076715 0.00557725
 0.00213147 0.00067143 0.00070211 0.00874458 0.0103539  0.00543401
 0.0028986  0.01955662 0.00358506 0.02012575 0.01268435 0.00743074
 0.00152567 0.0053976  0.00558763 0.00778108 0.00139461 0.0056285
 0.00080128 0.00075    0.00249397 0.00086081 0.00508141 0.0006993
 0.02731618 0.00954766 0.00574208 0.04612477 0.004228   0.02498213
 0.00428372 0.00372767 0.01951689 0.00500776 0.00296557 0.00077778
 0.01811474 0.00447681 0.00066667]"
34,Support Vector Classifier,0.7933333333333333,0.75,0.75,1.0,0.75,0.4777777777777778,"{'kernel': 'linear', 'gamma': 'auto', 'C': 1000.0}", log,ADASYN,KNN,standard,"[ 0.07579694 -0.02137796 -0.11610526  0.04479517 -0.06840393  0.07435952
 -0.06615509 -0.01879164 -0.03428502 -0.00630848  0.08070493 -0.01144028
 -0.18168935  0.03673342  0.19098168  0.06564967  0.06543428  0.00666392
 -0.01504381  0.04596502 -0.06021818 -0.05207231 -0.05232104 -0.00579071
 -0.03944899  0.05323888  0.01365634  0.05576116 -0.01215389 -0.20424453
 -0.14792277  0.07942564 -0.04808079 -0.03600549  0.01843145  0.07929691
  0.04970122 -0.04596196  0.05231141 -0.08161283  0.18692426 -0.16052198
 -0.11840747  0.0473532   0.04579881 -0.16227913  0.00324235  0.02760691
 -0.1039969   0.08757961  0.03148314 -0.03587256  0.04012164 -0.12052847
  0.04893855  0.06824725 -0.10546388 -0.04406515 -0.08102246  0.0307475
  0.05918172 -0.01505442 -0.0017012   0.05481138 -0.14035307  0.02240027
 -0.06228428  0.05261467  0.11599596  0.16771616  0.04823741  0.10351247
 -0.03710367  0.08127425 -0.01384935  0.04636708 -0.13790532  0.0070112
 -0.17577902 -0.05987263  0.1331125   0.02002059 -0.04892208  0.20909122
  0.20829598 -0.19321265  0.04481556 -0.10814924 -0.00968184 -0.10265284
  0.04361575  0.15491411  0.13013965 -0.01540252 -0.02420078]"
35,Decision Tree,0.5148611111111111,0.6333333333333334,0.8,0.5,0.5555555555555556,0.5125,"{'min_samples_split': 5, 'min_samples_leaf': 2, 'max_features': None, 'max_depth': None}", Yeo-Johnson,SMOTE,KNN,robust,"[0.         0.         0.23424077 0.         0.         0.
 0.         0.         0.         0.         0.         0.
 0.         0.         0.         0.         0.         0.09677958
 0.         0.         0.         0.         0.         0.
 0.         0.         0.         0.         0.         0.
 0.         0.         0.         0.         0.         0.
 0.03950617 0.         0.         0.         0.         0.
 0.         0.         0.         0.         0.         0.
 0.         0.         0.         0.         0.         0.
 0.         0.         0.         0.         0.         0.
 0.         0.         0.         0.         0.         0.
 0.         0.07751823 0.         0.         0.14146773 0.
 0.         0.         0.         0.         0.         0.
 0.         0.         0.         0.         0.         0.
 0.         0.         0.         0.         0.         0.
 0.         0.         0.13333333 0.         0.099702   0.
 0.         0.         0.17745218]"
36,Support Vector Classifier,0.6242857142857143,0.8095238095238095,0.7142857142857143,0.6666666666666666,0.5714285714285714,0.5888888888888889,"{'kernel': 'linear', 'gamma': 'auto', 'C': 1000.0}", log,SMOTE,KNN,robust,"[ 2.27849549e-02  1.08741837e-02 -1.59523889e-02 -2.14262246e-03
 -2.60753658e-02  6.51472367e-02 -2.86934338e-02  4.56792040e-02
 -1.45390658e-01 -1.29025984e-01 -7.88592891e-02 -1.02907807e-02
 -5.86915728e-02 -2.28440722e-03  1.05445251e-01  4.15263586e-02
 -7.16695504e-02  1.37279580e-01  2.75003544e-02 -8.56428002e-02
 -1.50151901e-01  5.00708800e-02  1.62196739e-01  2.38751993e-02
  5.19852276e-02  6.05559706e-02 -1.12890064e-01 -2.28992938e-02
 -8.22001271e-02 -1.29288180e-01  3.61916633e-02 -8.88222201e-02
 -8.18221403e-02  1.02895063e-01  5.37968492e-02 -4.01651018e-02
 -2.00398323e-01 -5.83832371e-02 -1.16429274e-01 -7.16445515e-02
 -2.35292731e-02 -3.93423843e-02  8.20619588e-02  7.37707940e-02
  4.51845505e-03  2.05388214e-02 -8.93594602e-02 -1.14596610e-01
  1.51736502e-01 -2.41747800e-01 -1.22781258e-01 -1.17858071e-02
 -7.25362780e-03 -1.53508301e-01  3.17907708e-02  3.61055196e-02
 -1.81410631e-01  2.28790945e-02  4.75764414e-02  1.63536770e-02
 -3.60820951e-02 -9.48405714e-02  5.23226934e-02  2.41308632e-02
 -1.11411694e-01 -7.34574954e-02 -3.43994149e-02 -2.83318041e-03
  9.07500297e-02 -2.20281730e-02 -6.16070282e-02 -2.36456018e-04
 -1.15448085e-01  2.17975338e-02 -5.69454880e-02  3.23274940e-02
  8.43652236e-02  9.81450411e-02 -4.10150246e-02  1.48712654e-01
 -9.50935548e-02 -7.29609164e-02  4.29915262e-02  3.09026858e-02
 -1.22994942e-01  4.85851095e-02 -1.34438176e-01 -3.20930820e-02
  1.72698222e-01 -6.87433407e-03 -1.45995096e-01  1.26142571e-01
  1.94975795e-01 -1.54221616e-01  4.58625950e-02 -8.50281227e-02
 -2.92319519e-02 -3.55114095e-02  1.61796744e-01  8.48905610e-02
  1.68086349e-01  6.81633959e-02  2.11533286e-02]"
41,Support Vector Classifier,0.7900396825396826,0.6916666666666667,0.2,1.0,0.6,0.5667989417989419,"{'kernel': 'linear', 'gamma': 'scale', 'C': 0.001}", log,SMOTE,KNN,robust,"[ 7.59101905e-03 -1.26679425e-02  1.60682256e-03  1.01648950e-03
 -1.85522951e-03  6.20488050e-03 -3.45501162e-03  7.61556018e-04
  3.52547326e-03  1.03489919e-02 -5.98218920e-04  1.01348273e-02
 -2.66025551e-02 -1.82515838e-03  2.17466485e-02  5.50660265e-03
  3.75057583e-03 -5.22070704e-03 -1.08238479e-02 -7.69700216e-03
 -1.12769119e-03 -1.34359800e-03 -5.79383543e-03 -1.75543102e-02
  8.07896663e-04  7.88606154e-03  2.96022726e-03  6.95014258e-03
  7.87155107e-03  3.40855394e-03  1.49180864e-02  4.81434617e-03
  2.62422907e-04  8.64163671e-03  7.02508512e-03  1.49321982e-03
  1.24176287e-02  6.22529321e-03  6.62270906e-03  1.43092467e-02
  5.75609090e-03  1.29115070e-03  9.31857533e-03  5.46193156e-03
  3.63315710e-03  1.08787530e-02  1.20314671e-02  9.08924001e-04
  6.70188844e-03  6.61138862e-03  9.84599350e-04  4.50488198e-03
  8.63442406e-03  4.22262944e-03  1.22391964e-02  7.01998402e-03
  4.83643461e-04  7.35284589e-03  8.03819548e-03  1.89120185e-03
  1.15529245e-02  7.34175993e-03  7.86489510e-03  1.22466923e-02
  4.00911524e-03  2.71037250e-03  5.04194447e-03  4.44336824e-03
  4.80680862e-03  8.81392831e-03  1.19331475e-02  2.01228970e-03
  8.20613136e-03 -3.92737120e-03 -7.86891845e-04  7.46712461e-03
 -1.63573107e-03  9.27995278e-03  4.32489757e-04  5.97184434e-03
  1.21789940e-02  3.16800730e-03  1.62639912e-02  1.23061170e-02
  1.52289773e-04  1.63114078e-02  1.29467103e-02  2.10644704e-03
  1.57313546e-02  1.15203576e-02  4.47194165e-03  1.76939362e-02
  1.11924885e-02  2.55887534e-03  1.40715357e-02  1.16757651e-02
  3.52394234e-03  1.65954989e-02  1.25672088e-02  4.68173767e-03
  1.16440568e-02  8.88533553e-03 -1.69505808e-03  6.72573938e-03
  9.37072716e-03 -3.92592868e-05  1.21950356e-02  7.71935329e-03
 -2.29479424e-03  1.04027496e-02  8.55059977e-03 -8.17944833e-04
  1.24286700e-02  9.53660199e-03  3.27343231e-03  1.65555100e-02
  6.81577867e-03 -2.04722067e-06  8.15201723e-03  6.72641930e-03
  1.02803359e-03  9.60866085e-03  1.15839669e-02  4.72555125e-03
  1.19277971e-02  1.14920841e-02  2.86903955e-03  2.34419447e-03
  5.69098117e-03  1.34010039e-03  6.77888021e-03  5.71636465e-03
 -6.96908304e-04  3.92003976e-03  6.05114980e-03  5.88855586e-04
  4.42792335e-03  6.54347388e-03  3.89741091e-03  9.43759771e-03
  4.53175018e-03 -1.32404994e-03  3.64221114e-03  3.24167389e-03
 -1.87540812e-03  5.75360468e-03  1.35443500e-02  6.14206545e-03
  8.31461804e-03  3.57362322e-03 -6.34814311e-03  7.13541908e-03
  3.52669806e-03  1.52500533e-03  6.51881177e-03  1.01984636e-02
  2.53551709e-03  1.37514702e-02 -9.65323540e-03  8.35720439e-04
  7.57449566e-03  7.26551137e-03  2.17422407e-03  5.60506129e-03
  7.88470450e-03  3.20742988e-03  1.00519097e-02 -1.32430684e-03
  3.47281963e-03  6.32917666e-03  2.66049582e-03  3.88340979e-03
  1.20911090e-02 -5.86602179e-04  6.26490366e-03 -2.71740550e-04
  9.43564006e-03  5.92724466e-04  9.40975021e-03  1.45748333e-03
  1.05315438e-02  5.67988699e-04  3.42877168e-03  2.58250732e-03
  5.18679759e-03 -4.32452901e-04  3.38523197e-03  1.04504698e-02
  5.74352258e-03  1.17119652e-02  6.35281355e-03 -3.91752943e-03
  9.48191480e-03  1.11985313e-03  7.00840891e-03 -1.40067571e-03
 -2.47287624e-03  6.39563093e-03  7.77200846e-03 -1.32217254e-03
  4.47949875e-03  9.49029862e-03 -4.04323815e-05 -8.22344811e-04
 -9.06994695e-03  1.28124863e-02  2.22022183e-03  1.01508526e-03
  7.43763294e-03 -8.83524143e-03  7.94242453e-04  7.35254453e-03
  5.96016309e-03  3.03105271e-03  9.49608278e-03  9.03706016e-03
  9.11910199e-03 -1.78385546e-03 -1.70033419e-03  2.87365139e-03
  6.37025766e-03  1.40494395e-03  6.94284853e-03  7.15709826e-03
  1.05709673e-02  1.05744797e-02  4.79355663e-03  2.42218318e-03
  3.99338256e-03  5.95473720e-03  4.35444956e-03  6.75279741e-03
  1.23745340e-02  7.35996076e-03  8.43745807e-03]"
168,Decision Tree,0.4583333333333333,0.5714285714285714,0.8571428571428571,0.5,0.5,0.3611111111111111,"{'min_samples_split': 10, 'min_samples_leaf': 4, 'max_features': None, 'max_depth': 10}", log,ADASYN,KNN,robust,"[0.         0.         0.         0.         0.         0.
 0.         0.         0.         0.         0.         0.
 0.         0.         0.         0.         0.         0.
 0.         0.         0.         0.         0.         0.
 0.         0.         0.         0.         0.         0.
 0.         0.         0.         0.         0.         0.
 0.         0.         0.         0.         0.         0.
 0.         0.         0.         0.         0.         0.
 0.02312925 0.         0.         0.         0.         0.
 0.         0.         0.         0.         0.         0.
 0.         0.         0.         0.         0.         0.
 0.         0.         0.         0.         0.         0.
 0.         0.         0.         0.         0.         0.
 0.         0.         0.         0.         0.         0.
 0.         0.         0.         0.         0.         0.
 0.         0.         0.         0.         0.         0.
 0.         0.         0.         0.         0.         0.
 0.         0.         0.         0.         0.         0.
 0.         0.         0.         0.         0.         0.
 0.         0.         0.         0.         0.         0.
 0.         0.65024631 0.         0.         0.         0.
 0.         0.         0.         0.         0.         0.
 0.         0.         0.         0.         0.         0.
 0.         0.         0.         0.         0.         0.
 0.         0.         0.         0.         0.         0.
 0.         0.         0.         0.         0.         0.
 0.         0.         0.         0.         0.         0.
 0.         0.         0.         0.         0.         0.
 0.         0.         0.         0.         0.         0.
 0.         0.         0.         0.         0.         0.
 0.         0.         0.         0.         0.         0.
 0.         0.         0.         0.         0.         0.
 0.         0.         0.         0.         0.         0.
 0.         0.         0.         0.         0.         0.
 0.         0.         0.         0.         0.         0.
 0.         0.         0.         0.         0.         0.
 0.         0.         0.         0.         0.         0.
 0.         0.32662444 0.         0.         0.         0.
 0.         0.         0.         0.         0.         0.
 0.         0.         0.         0.         0.        ]"
169,Decision Tree,0.6399999999999999,0.6666666666666665,0.7777777777777778,0.6666666666666666,0.6666666666666666,0.5777777777777777,"{'min_samples_split': 5, 'min_samples_leaf': 2, 'max_features': None, 'max_depth': None}", Yeo-Johnson,SMOTE,KNN,robust,"[0.         0.         0.         0.         0.0327381  0.
 0.         0.         0.         0.         0.         0.
 0.         0.         0.         0.         0.         0.
 0.         0.         0.         0.         0.         0.
 0.         0.         0.         0.         0.         0.
 0.         0.         0.         0.         0.03306878 0.
 0.         0.         0.         0.         0.         0.
 0.         0.         0.         0.         0.         0.
 0.         0.         0.         0.         0.         0.
 0.         0.         0.         0.         0.         0.12333516
 0.         0.         0.         0.         0.         0.
 0.         0.         0.         0.         0.43410293 0.
 0.         0.         0.         0.         0.         0.
 0.         0.         0.         0.         0.         0.
 0.         0.         0.         0.         0.         0.
 0.         0.         0.         0.         0.         0.
 0.         0.         0.         0.         0.         0.
 0.         0.         0.         0.         0.         0.
 0.         0.         0.         0.         0.         0.
 0.         0.         0.         0.         0.         0.
 0.         0.         0.         0.         0.         0.
 0.         0.         0.         0.         0.         0.
 0.         0.         0.         0.         0.         0.
 0.         0.         0.         0.         0.         0.
 0.         0.         0.         0.         0.         0.
 0.         0.20182117 0.         0.         0.         0.
 0.         0.         0.         0.         0.         0.
 0.         0.         0.         0.         0.         0.
 0.         0.         0.         0.         0.         0.
 0.         0.         0.         0.         0.         0.
 0.         0.         0.         0.         0.         0.
 0.         0.         0.         0.         0.         0.
 0.         0.         0.         0.         0.         0.
 0.         0.         0.         0.         0.         0.
 0.         0.         0.         0.         0.         0.
 0.         0.         0.         0.17493386 0.         0.
 0.         0.         0.         0.         0.         0.
 0.         0.         0.         0.         0.         0.
 0.         0.         0.         0.         0.         0.
 0.         0.         0.         0.         0.         0.
 0.         0.         0.         0.         0.         0.
 0.         0.         0.         0.         0.         0.
 0.         0.         0.         0.         0.         0.
 0.         0.         0.         0.         0.         0.
 0.         0.         0.        ]"
171,Support Vector Classifier,0.7123400809716599,0.4222222222222223,0.0,1.0,0.5263157894736842,0.3569230769230769,"{'kernel': 'poly', 'gamma': 'scale', 'C': 0.01}", Yeo-Johnson,SMOTE,KNN,standard,
202,Decision Tree,0.4175,0.5833333333333334,0.6666666666666666,0.5,0.4,0.2916666666666666,"{'min_samples_split': 5, 'min_samples_leaf': 2, 'max_features': None, 'max_depth': None}", log,ADASYN,KNN,robust,"[0.         0.         0.         0.         0.         0.
 0.         0.         0.         0.         0.         0.
 0.         0.         0.         0.         0.         0.
 0.         0.         0.         0.         0.         0.
 0.         0.         0.         0.         0.         0.
 0.         0.         0.         0.         0.         0.
 0.         0.         0.         0.         0.         0.
 0.         0.         0.         0.         0.         0.
 0.         0.         0.         0.         0.         0.
 0.         0.         0.         0.         0.         0.
 0.         0.         0.         0.         0.         0.
 0.         0.         0.         0.         0.         0.
 0.         0.         0.         0.         0.         0.
 0.         0.         0.         0.         0.         0.
 0.         0.         0.         0.         0.         0.
 0.         0.         0.         0.27272727 0.         0.
 0.         0.         0.         0.         0.         0.
 0.         0.         0.         0.         0.         0.
 0.         0.         0.         0.         0.         0.
 0.         0.         0.         0.         0.         0.
 0.         0.         0.         0.         0.         0.
 0.         0.         0.         0.         0.         0.
 0.         0.         0.         0.         0.         0.
 0.         0.         0.         0.         0.         0.
 0.         0.         0.         0.         0.         0.
 0.         0.         0.         0.         0.         0.
 0.         0.         0.         0.         0.         0.
 0.         0.         0.         0.         0.         0.
 0.         0.         0.         0.72727273 0.         0.
 0.         0.         0.         0.         0.         0.
 0.         0.         0.         0.         0.         0.
 0.         0.         0.         0.         0.         0.
 0.         0.         0.         0.         0.         0.
 0.         0.         0.         0.         0.         0.
 0.         0.         0.         0.         0.         0.
 0.         0.         0.         0.         0.         0.
 0.         0.         0.         0.         0.         0.
 0.         0.         0.         0.         0.         0.
 0.         0.         0.         0.         0.         0.
 0.         0.         0.         0.         0.         0.
 0.         0.         0.         0.         0.         0.
 0.         0.         0.         0.         0.         0.
 0.         0.         0.         0.         0.         0.
 0.         0.         0.         0.         0.         0.
 0.         0.         0.         0.         0.         0.
 0.         0.         0.         0.         0.         0.
 0.         0.         0.         0.         0.         0.
 0.         0.         0.         0.         0.         0.
 0.         0.         0.         0.         0.         0.
 0.        ]"
